trans_hour,trans_day,trans_month,trans_year,category,upi_number,age,trans_amount,state,zip,fraud_risk
22,16,9,2021,Retail,87,27,199.31,Missouri,84946,1
12,13,7,2016,Food,71990978,42,448.06,Minnesota,68524,1
13,10,8,2019,Food,5601,70,127.79,Louisiana,34800,1
10,7,10,2023,Entertainment,671623009,61,967.7,Tennessee,07311,0
17,10,1,2022,Retail,666,40,911.3,Texas,60970,1
17,26,3,2016,Travel,18,69,314.52,Missouri,00597,0
2,4,9,2017,Entertainment,261,35,758.16,Virginia,51766,0
13,16,10,2020,Travel,64431556,54,991.69,Maryland,09108,0
16,11,10,2017,Retail,57079,52,601.44,Oregon,52030,0
7,6,4,2016,Food,1960,58,741.06,Illinois,79263,1
11,5,12,2015,Food,17068,58,152.45,Alaska,41387,1
7,2,3,2016,Food,49951962,42,866.24,Nebraska,28415,0
1,6,3,2021,Food,463,44,197.23,Washington,84979,0
2,17,4,2020,Entertainment,55382,32,569.02,Texas,54020,1
18,1,11,2015,Entertainment,9881291,51,618.01,New Mexico,09695,0
2,19,8,2017,Entertainment,3250,41,853.47,Pennsylvania,69258,1
14,3,2,2020,Food,3537,29,439.0,North Dakota,55703,1
3,19,9,2020,Food,3168,31,403.48,North Dakota,83544,0
8,29,6,2015,Travel,299226052,23,107.86,Wyoming,83915,1
8,24,8,2016,Retail,1,53,492.28,Kentucky,04146,1
3,2,10,2021,Entertainment,583624,32,483.95,Colorado,11225,1
16,21,8,2015,Retail,7575947,48,698.2,Florida,74827,1
6,2,4,2016,Food,510,44,489.39,Nevada,33822,1
18,17,4,2015,Entertainment,681913,29,570.94,New York,98906,1
10,28,7,2016,Entertainment,1639,19,743.13,Colorado,11743,0
1,5,6,2022,Food,73745179,54,829.41,Delaware,11192,1
20,18,12,2022,Retail,2020252,59,822.08,Nevada,84401,1
21,25,2,2023,Food,743043,66,212.66,Kansas,93045,1
22,5,11,2021,Retail,35677,51,256.91,Hawaii,52577,1
22,31,3,2019,Retail,83421,70,597.75,Iowa,71662,1
9,8,2,2018,Food,516,23,75.8,Michigan,26130,1
11,4,6,2015,Entertainment,78048,29,840.7,Oklahoma,13132,0
13,3,11,2022,Travel,587737,19,632.39,Rhode Island,91980,1
14,31,4,2018,Travel,184,20,60.13,Montana,78086,0
11,6,4,2019,Food,32,44,17.22,Maryland,57905,1
18,15,3,2016,Retail,525,69,639.2,South Carolina,55281,1
7,17,3,2021,Retail,88524,34,14.14,Indiana,41894,1
18,9,2,2021,Entertainment,5046,56,250.16,Washington,29944,0
12,15,8,2023,Retail,44,49,572.82,Minnesota,19055,0
0,17,3,2015,Entertainment,4149770,35,199.51,North Dakota,90690,0
6,18,4,2017,Retail,74109,26,369.64,West Virginia,44741,0
18,27,4,2018,Retail,39,58,929.98,Hawaii,65899,1
21,31,6,2016,Entertainment,1712,37,596.83,Michigan,67705,0
19,15,1,2021,Retail,9,57,966.93,Arizona,66177,1
22,28,11,2021,Entertainment,8030005,62,443.29,Maryland,84722,0
5,2,4,2020,Food,60,70,662.41,Washington,96151,0
21,27,9,2017,Food,372,52,827.92,Utah,63515,1
7,25,11,2016,Retail,29247729,25,826.29,Maine,47174,0
14,18,4,2016,Food,20213464,45,398.47,California,83452,1
9,23,5,2022,Travel,64,59,534.68,New York,80147,0
5,20,7,2018,Entertainment,633382,40,502.7,Minnesota,43435,1
11,19,10,2022,Entertainment,4149198,58,19.22,Vermont,73278,0
11,26,8,2018,Entertainment,4341,59,431.9,Missouri,72674,1
8,27,12,2019,Entertainment,709710,28,652.88,Hawaii,62722,1
9,7,10,2022,Travel,3752630,39,31.93,Georgia,02415,1
10,26,10,2023,Travel,87773837,18,846.81,Nevada,18744,0
8,14,10,2018,Food,3240,52,750.6,Massachusetts,67558,1
18,3,1,2023,Retail,166853436,32,19.16,Kentucky,64412,0
20,6,3,2023,Food,62,35,432.82,Kansas,51176,1
2,29,7,2021,Food,519,32,692.83,Idaho,47746,1
16,31,11,2023,Retail,23,51,783.63,Missouri,32497,0
11,19,6,2018,Food,378171898,66,112.28,Alaska,15423,1
23,18,5,2023,Retail,9887054,24,583.99,Utah,27282,0
17,8,5,2022,Travel,9775592,22,445.18,Oregon,50827,0
21,24,11,2022,Food,5568,64,81.03,Michigan,78837,1
23,14,8,2016,Travel,4044,60,257.06,Alaska,97310,1
2,4,4,2022,Retail,26,67,479.85,Ohio,33945,1
3,10,12,2019,Entertainment,9996,53,543.72,New Jersey,52388,0
2,25,2,2017,Retail,47219,26,201.0,North Carolina,21928,0
7,25,10,2017,Entertainment,217,32,213.7,Oklahoma,32767,1
20,8,4,2016,Entertainment,7,38,478.81,North Dakota,94869,1
4,22,7,2023,Retail,600559022,32,247.96,Louisiana,34088,0
3,13,4,2019,Travel,5930,41,738.96,New York,76717,1
23,5,12,2020,Retail,0,34,196.09,Louisiana,88109,0
22,14,1,2020,Retail,916,51,461.75,Oklahoma,64402,1
2,15,12,2015,Food,999,28,594.37,Arkansas,28162,1
21,27,11,2023,Food,7210,34,333.96,New Hampshire,37947,1
8,31,11,2022,Retail,5467,51,620.27,Illinois,75927,1
3,2,9,2022,Entertainment,36,54,217.78,California,29585,0
22,9,2,2022,Food,945351,53,513.94,South Dakota,04238,0
12,21,12,2020,Food,76,22,561.52,West Virginia,76576,0
11,18,8,2021,Retail,31,51,594.37,New Jersey,43801,1
22,26,12,2018,Retail,7536,48,601.55,South Dakota,10733,0
0,26,5,2018,Entertainment,89,31,144.66,Utah,43715,1
11,18,8,2019,Entertainment,3,38,402.16,Kentucky,37976,1
3,9,1,2015,Food,2288538,27,91.48,Virginia,00558,0
3,29,4,2019,Entertainment,2,37,881.51,Tennessee,00862,0
11,12,1,2022,Food,51,21,205.16,Colorado,79675,1
8,26,10,2023,Travel,6344506,46,937.52,California,86852,1
17,4,7,2023,Retail,5567,35,827.13,Michigan,58080,0
10,6,3,2020,Travel,49260,40,512.05,Colorado,45973,0
2,18,9,2020,Retail,52519,58,16.94,Florida,52619,0
13,24,2,2018,Entertainment,8323034,44,188.59,Nevada,02783,1
20,26,8,2018,Food,905476,30,58.1,North Carolina,75848,1
14,18,3,2016,Entertainment,876268852,25,438.18,Delaware,85757,1
23,23,11,2015,Entertainment,816,44,665.76,Montana,47757,1
8,19,11,2020,Travel,2363540,62,535.23,South Dakota,85079,0
17,10,6,2022,Retail,257,62,781.37,Maine,40793,0
4,14,5,2021,Entertainment,2102,41,309.41,Maryland,70713,1
3,12,6,2018,Entertainment,1675163,49,59.85,Oregon,52204,0
12,5,5,2023,Travel,58074,39,469.14,Minnesota,56798,0
11,2,6,2018,Entertainment,1769,53,431.27,Connecticut,08339,0
17,22,11,2022,Food,28409,58,216.44,Minnesota,07600,1
4,26,3,2019,Food,5400,54,540.28,Kentucky,73974,0
19,11,10,2015,Travel,48040124,69,527.3,South Dakota,27076,0
13,31,9,2018,Food,21127276,37,278.42,Massachusetts,18561,0
21,3,9,2019,Food,267,70,823.89,Louisiana,32123,1
2,30,3,2023,Food,18762572,57,900.65,New York,70910,1
15,2,3,2019,Travel,95,36,255.15,Alaska,45751,0
19,6,3,2016,Entertainment,329,24,601.93,Mississippi,41943,1
1,9,9,2017,Travel,648785411,67,356.55,Alaska,56028,0
21,11,4,2019,Travel,26506,46,938.68,Florida,93261,1
15,10,4,2018,Entertainment,89310732,31,694.62,Pennsylvania,96683,1
17,22,9,2019,Food,209740374,21,577.69,South Carolina,99594,1
20,29,7,2023,Entertainment,679,53,415.97,Montana,99902,0
0,23,11,2023,Retail,922,21,145.85,South Dakota,05669,0
14,22,6,2019,Travel,934364,41,471.49,Nevada,05778,0
10,22,7,2020,Food,755333,66,562.33,Delaware,43287,0
23,25,5,2023,Food,87694,39,938.87,Connecticut,18609,1
0,29,11,2020,Food,33,55,132.42,New Jersey,53901,0
21,31,4,2017,Retail,65,20,265.39,Colorado,83203,1
3,16,4,2018,Travel,94999,52,326.12,Utah,96139,0
12,1,12,2018,Retail,770208138,63,125.79,Wisconsin,31765,0
9,5,2,2022,Entertainment,166,25,154.35,Illinois,99542,0
5,31,4,2017,Travel,938068004,23,297.94,Rhode Island,76401,1
10,19,9,2022,Retail,764436422,48,116.81,New Hampshire,90819,1
23,13,11,2019,Travel,24690723,64,455.97,New York,16040,1
9,1,8,2020,Travel,5,39,233.83,Iowa,29854,0
1,10,9,2018,Food,7894,21,749.56,Idaho,99362,0
14,3,3,2017,Entertainment,139162,36,449.23,South Dakota,65181,1
20,4,4,2015,Food,30827858,62,539.65,Washington,24993,0
13,22,4,2021,Food,704,19,758.02,Hawaii,06308,0
8,21,3,2022,Food,919445980,43,448.79,Massachusetts,52064,1
9,26,10,2015,Travel,5182833,55,907.06,West Virginia,68950,0
23,25,12,2019,Food,7642,61,395.69,New York,32433,0
10,4,11,2019,Food,437791753,23,717.91,Massachusetts,80407,1
12,16,8,2022,Travel,715,33,171.26,New Jersey,74660,1
23,28,4,2020,Travel,61413,55,595.99,South Dakota,95737,0
21,10,9,2021,Travel,35,40,464.04,Idaho,66758,1
15,9,5,2017,Food,98298439,19,293.06,Florida,63344,1
2,24,7,2019,Entertainment,4857,54,583.33,Minnesota,56281,0
4,12,12,2022,Travel,84732489,54,45.82,Indiana,41283,1
2,17,9,2016,Food,1950213,63,186.31,Oklahoma,48715,1
21,12,3,2019,Retail,419417,48,532.92,New Hampshire,98230,1
1,12,1,2019,Retail,410020,53,741.37,Arizona,66251,1
4,17,2,2015,Retail,9009,62,752.68,New Jersey,22364,1
10,9,5,2015,Food,458679,58,462.95,South Carolina,85043,1
5,13,10,2022,Retail,725801465,56,871.08,Michigan,03319,1
11,19,5,2017,Food,3519223,36,307.08,Oregon,10251,1
7,30,1,2019,Travel,66305378,33,160.14,Kentucky,91517,1
14,2,7,2016,Food,2551819,64,806.84,California,70263,1
5,25,10,2017,Entertainment,986653,26,538.46,North Carolina,16593,1
5,2,10,2018,Food,8,47,928.04,Pennsylvania,66144,1
16,2,2,2021,Entertainment,87267322,49,83.37,Mississippi,63169,0
7,21,2,2015,Travel,90,27,923.93,Mississippi,56418,0
3,7,5,2021,Entertainment,4,29,129.11,Indiana,95820,0
10,12,7,2016,Food,60683,53,442.04,Arkansas,51789,0
12,31,7,2018,Entertainment,38802,62,104.11,Oregon,94477,0
1,14,3,2023,Retail,50444,45,989.02,Michigan,81999,0
8,25,5,2015,Entertainment,635530,52,747.25,Alabama,33741,0
18,28,11,2020,Travel,536,65,401.3,New Hampshire,47607,1
18,12,6,2023,Entertainment,3644,52,465.56,Kansas,07961,1
23,25,1,2016,Entertainment,17867,51,246.94,Alaska,02443,0
7,26,11,2016,Entertainment,37765,42,953.68,South Carolina,52269,1
8,12,5,2017,Travel,4742498,32,496.11,South Dakota,06317,0
10,23,8,2018,Food,7082015,25,322.14,Wyoming,54923,0
13,6,9,2023,Travel,9590,45,743.03,Maine,17895,1
11,6,9,2020,Food,2734979,33,211.06,Arizona,31011,0
7,9,5,2021,Retail,481,56,455.27,West Virginia,53990,0
16,16,12,2021,Food,6539319,32,517.32,New York,24327,1
4,5,9,2018,Travel,85717397,48,439.58,Virginia,09396,0
21,27,11,2020,Retail,4363,28,261.79,Indiana,27933,1
9,15,12,2018,Food,470,37,357.78,Arkansas,52659,1
18,10,9,2022,Retail,84,61,406.2,Pennsylvania,08370,1
4,21,4,2018,Entertainment,48500757,70,117.63,Montana,02928,1
19,16,3,2020,Food,8805121,43,723.88,New York,65232,0
8,24,10,2015,Entertainment,35671475,51,26.44,South Carolina,18843,0
5,21,5,2020,Entertainment,48406,41,877.68,South Dakota,84167,1
6,7,8,2019,Food,41615,29,463.61,Idaho,11475,1
20,19,3,2022,Entertainment,7153,23,878.88,Florida,64260,1
4,29,8,2016,Food,330857,49,490.76,Alaska,22985,1
0,6,11,2018,Retail,933,36,937.58,Alaska,88439,1
20,5,6,2018,Entertainment,956421500,39,594.37,Maryland,25894,0
9,11,8,2017,Retail,40,50,661.6,Wyoming,01719,1
11,2,2,2021,Retail,9582967,20,349.42,Washington,12659,0
21,28,5,2016,Retail,176428874,39,660.68,Arkansas,12767,1
11,5,3,2017,Entertainment,861,55,126.56,Alabama,78249,1
23,8,7,2023,Travel,81957597,65,153.77,Arizona,57678,0
1,26,4,2019,Retail,76151,24,349.17,Louisiana,27143,0
20,1,12,2017,Entertainment,97607230,40,196.98,Virginia,31294,0
21,22,4,2015,Travel,7381448,32,944.66,Texas,06287,1
17,10,6,2017,Entertainment,909,59,379.89,Mississippi,16661,0
5,1,6,2016,Entertainment,52865102,48,49.79,Georgia,81229,0
22,23,5,2020,Retail,96,47,333.23,Vermont,68996,0
20,18,10,2021,Entertainment,148838,59,770.51,Arizona,66496,1
7,5,7,2015,Entertainment,2182835,34,454.0,New York,46174,1
23,30,1,2023,Entertainment,9042849,59,366.17,Oregon,16674,1
11,20,11,2021,Food,44519381,55,307.36,New Jersey,42439,0
5,27,9,2020,Food,181604,23,112.19,Colorado,69749,0
4,30,3,2019,Travel,9977402,56,395.31,Massachusetts,16083,0
14,24,10,2015,Entertainment,145,68,201.63,Ohio,91344,1
0,9,9,2023,Entertainment,2051,52,747.24,Nebraska,27295,1
7,10,6,2021,Entertainment,6602913,27,104.54,Georgia,25283,1
13,7,5,2021,Food,7405,28,411.23,South Carolina,79238,0
8,2,4,2023,Travel,209103861,27,918.79,Maryland,34019,1
20,2,7,2022,Travel,413901024,20,122.05,California,98306,0
2,24,1,2022,Food,281,45,241.94,Virginia,73800,1
9,29,2,2017,Retail,762033,45,868.06,Alaska,96841,0
4,21,10,2023,Travel,4777041,26,233.23,North Carolina,08621,1
15,15,11,2018,Entertainment,6961,61,22.21,Hawaii,90773,0
23,1,4,2018,Food,601464,40,876.93,Arkansas,41630,0
9,16,8,2020,Food,6,36,778.76,Oregon,69533,1
8,14,3,2023,Travel,43107381,62,258.35,Tennessee,54298,0
7,9,10,2023,Retail,26956,46,535.78,Arkansas,62879,1
20,27,7,2018,Travel,7932503,31,651.15,North Dakota,61823,1
8,24,10,2023,Food,669,62,655.56,Indiana,38112,1
8,30,10,2020,Food,15464720,67,789.72,Missouri,53240,0
5,8,10,2015,Travel,8631,67,749.61,Mississippi,36662,0
20,10,4,2016,Travel,948,67,956.68,Texas,48949,1
1,20,11,2018,Travel,209,32,347.43,Colorado,51524,0
17,31,9,2018,Retail,74261,63,621.27,New Jersey,17334,0
3,8,6,2015,Food,35012567,26,381.39,South Dakota,92014,0
2,26,12,2016,Entertainment,815,34,428.5,Missouri,67138,1
9,3,1,2019,Travel,86253,25,866.02,Wyoming,72738,1
0,16,10,2019,Travel,6964541,58,29.83,Missouri,89235,1
15,15,7,2020,Entertainment,36630,53,718.32,Arizona,70142,1
23,17,11,2022,Retail,594941159,20,277.62,Washington,90847,1
19,12,9,2021,Travel,41422579,61,767.48,Iowa,92508,0
18,17,9,2019,Retail,610,47,949.97,Connecticut,99596,0
1,21,3,2023,Entertainment,27,62,265.25,Arkansas,21437,1
8,10,4,2016,Retail,77629613,65,820.59,California,85064,0
13,18,6,2022,Food,500,42,724.68,New Jersey,04549,1
23,16,8,2017,Entertainment,2984322,38,401.63,Iowa,38310,1
8,28,12,2015,Travel,62351631,53,610.18,Idaho,57539,1
10,20,4,2022,Food,132829321,69,828.81,Illinois,14160,1
16,27,9,2017,Entertainment,2003,35,937.45,Alaska,94343,1
20,22,8,2022,Retail,4843,30,624.39,Florida,31896,0
20,25,11,2022,Entertainment,970482467,28,761.53,Minnesota,53750,1
15,14,12,2019,Food,913,34,963.74,Kansas,19672,1
20,1,8,2019,Food,29,65,497.08,Vermont,67170,0
5,3,11,2023,Retail,38,42,320.59,Arkansas,38489,0
19,16,11,2021,Travel,344525507,34,360.0,Mississippi,62218,0
18,24,2,2019,Food,4378496,24,693.99,Delaware,02121,1
5,29,6,2016,Travel,46,52,161.61,Rhode Island,89619,0
2,8,7,2018,Food,47,56,196.63,Idaho,68361,1
17,9,10,2020,Retail,4476,34,723.25,Massachusetts,95868,0
2,20,11,2021,Travel,1463846,50,982.79,Alabama,27211,1
3,4,4,2016,Entertainment,41200,60,652.63,Nevada,77037,1
1,21,11,2022,Food,181203167,32,469.56,South Dakota,96172,1
23,30,11,2020,Food,7756,68,528.33,Vermont,70514,0
10,1,2,2020,Travel,705417,35,382.17,West Virginia,21090,1
10,5,11,2018,Travel,9636,53,978.25,New York,29305,1
10,9,3,2022,Food,96550,55,418.36,Texas,03645,1
1,23,10,2018,Travel,22782900,50,886.74,Oregon,73732,0
2,24,7,2021,Travel,13962,25,358.76,South Carolina,35378,1
5,21,2,2016,Retail,650631489,66,35.71,Iowa,59719,1
10,8,3,2022,Food,42,26,246.47,Florida,27662,1
14,3,2,2016,Retail,4819,53,235.46,Alaska,70591,0
23,28,4,2017,Entertainment,9697,52,895.49,North Dakota,26601,1
16,4,5,2015,Retail,8894749,35,230.02,Michigan,13984,1
11,10,9,2018,Travel,362,65,868.96,Minnesota,76708,0
11,14,10,2017,Retail,1680,57,458.98,Tennessee,65588,0
3,10,7,2023,Entertainment,728,63,363.48,Alaska,18816,0
21,27,6,2018,Travel,142,47,52.01,Florida,55356,1
6,1,11,2016,Entertainment,82,61,718.2,Idaho,24704,0
3,28,12,2019,Food,50,42,321.27,Kansas,64088,1
13,14,4,2017,Food,575382,22,374.4,Mississippi,28022,0
21,25,9,2018,Entertainment,4030,70,236.17,Georgia,58000,0
22,10,6,2018,Food,3307,26,415.46,Connecticut,86746,1
18,6,3,2023,Travel,1420975,31,932.04,West Virginia,50838,0
1,8,6,2021,Entertainment,3241,63,848.82,Oregon,38966,1
2,23,4,2017,Retail,217553,27,927.5,Minnesota,36973,0
4,6,4,2020,Travel,216588306,66,123.78,Delaware,05188,0
21,3,3,2015,Entertainment,5453617,54,521.53,Utah,41356,0
20,1,11,2017,Entertainment,30,65,333.02,Arkansas,57391,0
0,6,6,2021,Retail,3188,42,717.79,Iowa,12818,0
0,5,1,2015,Retail,74566,52,783.7,Kansas,23632,0
10,29,9,2021,Travel,307340,51,551.86,Washington,79346,0
17,20,12,2017,Food,64428,38,267.09,Minnesota,31350,0
7,21,4,2016,Travel,13291835,49,669.69,Oklahoma,19975,1
15,23,4,2017,Travel,325421,20,608.69,Illinois,19078,1
11,19,7,2021,Travel,1988876,66,45.18,Louisiana,47275,0
9,22,1,2019,Retail,42484967,30,834.29,Michigan,59229,0
14,18,8,2020,Entertainment,371389,59,773.51,South Carolina,14888,1
5,11,8,2021,Entertainment,275751522,24,492.79,Hawaii,20174,0
7,26,10,2018,Retail,952242488,20,139.61,Georgia,26573,1
14,9,6,2019,Retail,16963811,54,935.57,Minnesota,77197,0
1,16,8,2017,Food,50313984,33,439.17,Virginia,92606,1
12,14,8,2016,Entertainment,272853,19,148.85,Texas,21007,1
12,8,5,2020,Entertainment,4469,58,239.35,Massachusetts,77570,1
17,11,1,2019,Food,9290031,35,534.13,Louisiana,36797,1
10,30,12,2022,Retail,1209863,36,819.83,Hawaii,00963,1
12,17,10,2023,Food,81089,58,59.73,Nevada,04425,1
14,22,9,2020,Entertainment,605871,46,796.53,Hawaii,80333,1
23,4,3,2015,Retail,83530413,25,920.6,Arizona,86356,0
5,8,12,2018,Entertainment,545570,63,988.46,Minnesota,99216,1
13,31,8,2020,Retail,9616,54,174.1,Arkansas,84896,0
9,13,1,2015,Retail,30795,22,864.02,Pennsylvania,10028,0
18,26,8,2021,Entertainment,227519767,55,303.47,Alaska,58065,0
5,28,8,2023,Travel,1060,42,964.7,Louisiana,80411,1
18,6,4,2016,Food,845,50,456.83,Pennsylvania,78165,0
10,10,3,2016,Entertainment,26164,66,766.11,North Carolina,67215,0
11,5,8,2016,Entertainment,352096,64,592.0,South Dakota,49764,1
19,11,6,2021,Entertainment,44475959,21,554.86,Utah,89207,1
14,20,3,2021,Travel,59,49,643.93,Hawaii,84052,0
15,2,11,2018,Retail,9280,41,496.3,Georgia,58838,0
6,18,5,2021,Retail,30880,67,549.0,Florida,09511,0
8,26,11,2015,Food,940,66,398.97,North Dakota,42496,1
4,20,12,2021,Food,5521,69,947.21,Maine,60213,1
19,1,2,2015,Retail,9710446,51,564.58,North Carolina,17946,0
21,13,1,2016,Entertainment,596330,24,586.28,Connecticut,12299,1
8,19,12,2017,Food,56808,55,875.72,Nevada,16601,0
4,27,4,2019,Retail,10354121,66,186.54,Kansas,64375,1
14,15,4,2018,Retail,752611699,21,848.44,Massachusetts,12565,1
14,28,11,2019,Food,43,48,164.45,Oregon,21276,1
20,30,11,2020,Entertainment,739718,46,424.46,Louisiana,60725,0
3,28,10,2020,Food,39355615,36,112.57,North Dakota,25914,0
5,24,5,2017,Entertainment,713,64,512.51,South Carolina,59604,0
21,19,6,2022,Food,540,36,647.19,Nevada,38935,1
12,31,2,2022,Entertainment,492237050,47,227.15,Maine,72049,1
1,17,4,2015,Travel,61140,45,783.4,New Mexico,12852,1
7,11,7,2015,Travel,33764,55,566.13,Vermont,74784,0
13,13,10,2022,Travel,272,57,797.98,Alabama,49523,1
7,24,9,2016,Entertainment,18289,54,441.78,Kentucky,05372,0
20,16,6,2022,Entertainment,2524272,34,676.8,South Dakota,04920,1
21,21,4,2016,Retail,613,31,349.44,Maine,66771,1
19,30,12,2017,Entertainment,35573581,33,236.7,Arkansas,63765,0
13,26,7,2022,Entertainment,25924860,50,247.44,South Carolina,87272,1
22,5,4,2017,Travel,31072,68,282.41,West Virginia,58136,0
1,28,8,2022,Food,4310,65,514.32,Mississippi,44659,0
3,21,6,2022,Entertainment,356394,37,586.0,Alaska,31586,0
23,22,8,2017,Travel,83541349,28,290.18,Delaware,58437,1
1,25,3,2021,Retail,5175,42,826.19,North Dakota,70919,0
6,14,12,2020,Entertainment,94,65,792.44,Delaware,71742,1
21,5,3,2020,Travel,849216,68,221.42,Florida,63488,0
21,24,10,2023,Food,98,61,431.46,Colorado,44390,0
6,13,3,2021,Entertainment,98964356,59,128.17,New Jersey,68085,1
22,11,1,2022,Entertainment,147,50,480.72,Indiana,43980,0
7,26,1,2018,Retail,602,32,990.14,Oklahoma,29144,1
1,17,10,2022,Travel,69158,38,282.16,New York,09459,0
0,30,8,2022,Travel,71,55,398.34,Vermont,22833,1
13,1,11,2017,Entertainment,67,25,706.43,Nevada,13535,1
0,8,1,2020,Food,19,43,429.66,Indiana,01378,0
1,14,12,2015,Travel,286,39,976.86,Nebraska,54928,0
14,31,10,2018,Entertainment,499087766,26,582.52,Massachusetts,42015,0
0,3,4,2023,Entertainment,97,37,273.63,New Hampshire,83230,0
4,26,4,2019,Entertainment,134052483,68,747.44,Virginia,22844,0
14,27,2,2018,Food,206368,27,697.22,Maine,56762,0
12,18,1,2018,Retail,5410,46,847.36,South Dakota,74472,1
17,31,10,2020,Food,53455970,36,570.88,Nebraska,33032,0
13,26,7,2015,Retail,277692392,21,489.96,Kansas,84916,1
23,25,10,2019,Entertainment,377376688,47,766.89,Indiana,89750,0
11,27,3,2017,Food,210530186,57,408.56,Montana,82949,1
1,7,6,2022,Retail,787895,59,948.12,Georgia,82056,0
14,17,11,2021,Retail,1148545,19,721.26,Wyoming,41550,0
10,4,2,2022,Travel,852311635,30,38.2,Colorado,31218,1
11,7,2,2021,Entertainment,208419,50,125.68,Ohio,67495,0
20,5,4,2019,Retail,467,51,303.91,Rhode Island,51393,0
8,18,2,2019,Entertainment,33436826,67,587.92,South Carolina,36742,1
12,12,1,2022,Food,3933717,38,752.49,Colorado,39761,1
15,6,5,2016,Retail,174904771,57,395.35,Delaware,70787,0
12,24,2,2022,Entertainment,7763645,69,43.13,North Carolina,89040,0
15,21,3,2019,Retail,432664,60,734.88,Montana,06392,0
16,24,12,2017,Entertainment,714020,59,632.31,North Carolina,79371,0
3,23,3,2015,Travel,694207227,32,996.25,Alabama,90660,0
3,26,10,2017,Entertainment,4493608,19,432.18,California,69543,1
23,14,7,2016,Entertainment,340987,36,300.1,Oregon,98055,1
9,16,12,2019,Food,4363331,48,455.3,Ohio,92132,0
8,1,11,2017,Food,11816,39,50.76,Nebraska,42645,1
9,25,10,2015,Travel,4357800,30,653.98,North Carolina,16242,1
18,23,2,2015,Food,588601,59,892.66,California,14656,0
6,11,1,2020,Retail,322,19,824.21,New Mexico,91410,0
7,28,2,2018,Travel,9843,31,416.92,Rhode Island,28198,0
19,12,4,2018,Retail,2104367,44,27.28,Illinois,93524,0
16,30,5,2016,Retail,504463,37,243.07,Alaska,86389,1
15,19,11,2016,Retail,8725067,28,802.21,Louisiana,55619,0
14,26,1,2017,Travel,2481774,34,841.77,West Virginia,92220,0
15,1,4,2023,Food,9367271,49,264.4,New Jersey,76832,1
15,22,1,2015,Retail,58481245,68,875.82,New Jersey,46638,1
17,16,6,2022,Travel,858408850,35,78.64,Massachusetts,85553,1
23,11,9,2018,Retail,82959509,27,166.8,Washington,67541,1
14,18,7,2015,Entertainment,959,35,751.32,Colorado,46924,0
14,28,4,2018,Entertainment,266605,65,26.52,Minnesota,51253,1
2,6,4,2021,Food,93334,32,578.97,Mississippi,06476,1
12,5,5,2019,Food,79,38,233.23,Florida,92425,0
14,30,6,2021,Retail,69721,46,483.54,Wyoming,19361,1
11,6,5,2019,Entertainment,741,30,487.67,Kansas,98765,0
14,26,3,2015,Food,99567402,69,311.39,Iowa,13272,0
19,7,9,2019,Travel,247968,46,166.39,Missouri,76573,0
1,26,8,2022,Food,82261906,51,691.88,Texas,21759,1
14,18,12,2016,Retail,169879,57,251.04,Louisiana,60747,0
6,9,12,2020,Travel,820,63,186.33,Wisconsin,19826,1
12,19,4,2016,Food,32307578,21,92.48,Montana,89487,0
1,8,8,2022,Entertainment,921545,41,146.75,Maine,11093,0
15,22,7,2017,Food,806,63,437.76,Iowa,46453,1
15,8,10,2023,Entertainment,652875,42,556.86,Oklahoma,97249,1
21,5,3,2021,Retail,7465804,31,212.42,Maryland,35494,1
10,26,9,2022,Entertainment,520,25,738.95,Arizona,45620,0
13,24,7,2023,Retail,47944,28,177.07,Rhode Island,39786,1
16,10,10,2023,Entertainment,2419555,49,587.63,Illinois,92550,1
21,30,6,2016,Travel,447003,37,716.22,Idaho,87013,1
23,9,6,2023,Retail,661448732,49,751.99,Kentucky,51366,0
23,9,1,2022,Entertainment,48370,36,62.28,Massachusetts,69184,1
0,18,6,2016,Retail,92355,48,713.75,Iowa,42839,0
14,8,7,2020,Food,112,29,241.16,Alaska,20833,1
14,25,1,2018,Entertainment,3210908,51,319.43,California,80551,0
9,12,3,2020,Food,158082106,28,25.34,Vermont,36026,1
17,20,10,2023,Travel,854834,38,981.46,Missouri,44116,0
4,25,1,2015,Food,9003223,32,738.2,Louisiana,57411,0
12,21,5,2022,Retail,4383,59,897.0,Colorado,11655,1
8,8,12,2016,Travel,73528,27,14.8,Idaho,00860,0
2,26,9,2019,Food,4237333,23,175.53,South Dakota,86302,0
6,17,2,2019,Entertainment,8870422,48,619.73,Florida,39765,0
23,14,9,2021,Entertainment,77435100,69,885.83,Indiana,74645,1
14,12,12,2023,Retail,56796,56,940.2,Oklahoma,24946,1
12,26,3,2019,Retail,308316642,43,908.79,Massachusetts,77178,0
5,4,5,2023,Travel,7769,41,185.03,Wisconsin,46161,1
15,12,4,2019,Food,49874,53,325.42,Maryland,71631,0
4,25,12,2020,Travel,45728129,29,778.77,New York,54792,0
6,1,11,2020,Retail,37,26,341.76,Delaware,84618,0
0,28,8,2017,Food,627,34,470.02,Florida,04322,0
13,19,9,2023,Food,2150,29,174.99,Iowa,75751,0
3,31,5,2019,Retail,539,61,142.39,Hawaii,89650,1
16,4,11,2016,Travel,689266061,69,86.91,Tennessee,51519,0
5,23,5,2018,Entertainment,214559,58,469.15,Michigan,13962,1
2,17,6,2020,Travel,364,18,928.7,Texas,43742,1
15,11,4,2021,Food,54,60,579.67,New Mexico,11799,1
21,4,6,2020,Retail,976218318,50,576.35,Colorado,64537,1
20,6,1,2022,Travel,8493,65,620.89,Idaho,58260,0
3,22,12,2019,Retail,89033049,52,627.95,Colorado,32433,0
16,25,12,2015,Entertainment,158,55,800.75,Louisiana,00501,1
7,2,9,2019,Retail,840442896,55,589.55,Nebraska,98964,0
5,25,3,2023,Travel,643,47,661.18,Montana,44094,1
23,1,2,2019,Retail,48285,34,664.41,Tennessee,70987,0
0,28,10,2023,Food,2291,57,939.35,Florida,07535,1
20,9,2,2017,Food,233820087,61,558.74,New Jersey,57665,0
19,29,1,2022,Retail,652,32,823.65,Washington,13268,1
8,23,10,2021,Entertainment,865495,22,878.17,Maryland,65322,0
0,10,7,2015,Food,422275238,68,591.96,Alabama,72136,1
5,24,10,2019,Food,874,43,35.44,Tennessee,54198,0
3,21,4,2019,Retail,695,42,548.18,New Hampshire,73136,1
19,22,1,2015,Travel,14,37,962.72,Utah,26965,1
1,30,11,2021,Food,3639592,20,279.59,Illinois,14813,1
11,11,3,2020,Retail,653398495,60,863.39,North Dakota,26685,1
16,25,1,2017,Travel,75807,48,184.2,Tennessee,45822,0
5,4,11,2020,Travel,8561,41,376.7,Arizona,47311,0
20,18,2,2022,Entertainment,108,44,858.22,Nevada,06595,0
3,13,11,2017,Entertainment,90910,23,743.89,Maine,72422,1
23,24,11,2019,Travel,886,28,116.25,Indiana,24215,0
15,21,8,2017,Entertainment,45306237,27,727.08,Ohio,46361,0
3,7,3,2016,Retail,264,28,304.09,Minnesota,84930,0
19,29,5,2016,Entertainment,4479987,23,812.51,South Dakota,83620,0
22,19,1,2021,Food,554,51,874.61,Wisconsin,56174,1
10,20,6,2015,Entertainment,998303729,52,395.08,Connecticut,03592,0
6,23,5,2022,Travel,262,46,934.48,Delaware,71009,1
23,14,11,2017,Travel,6586,31,844.04,Nebraska,38397,1
23,7,5,2015,Retail,520185,22,296.86,Alabama,25570,0
5,21,4,2020,Travel,230170,35,994.94,Idaho,57426,0
6,28,7,2015,Retail,86447,48,710.38,Delaware,55176,0
3,8,7,2020,Entertainment,792289,24,415.93,Indiana,51320,0
12,26,1,2015,Entertainment,278,55,769.72,Rhode Island,77332,0
8,10,4,2015,Travel,884,31,786.68,Montana,99476,1
5,16,11,2023,Entertainment,7688,39,912.92,Nebraska,44644,0
3,5,2,2022,Travel,858194,46,608.63,Utah,83673,1
1,8,4,2020,Travel,94045444,27,757.89,Michigan,40310,0
0,27,5,2017,Travel,32916573,46,746.61,West Virginia,20507,0
13,24,1,2023,Entertainment,285,23,874.44,South Dakota,36654,0
8,7,3,2016,Entertainment,86,69,561.98,Nebraska,25562,1
21,22,7,2015,Travel,605654996,58,978.99,Washington,22005,0
8,31,10,2023,Entertainment,220395,19,342.54,Alabama,54641,1
0,5,8,2018,Entertainment,8753,51,218.3,Oregon,39049,0
7,26,12,2018,Retail,277530,59,118.06,Georgia,22688,0
9,27,9,2016,Travel,78191889,22,577.56,Rhode Island,29883,1
15,8,5,2018,Entertainment,6256,45,421.47,Montana,09625,1
15,5,12,2020,Retail,70,63,122.82,Colorado,06683,0
9,22,8,2018,Entertainment,68475366,65,422.77,Wisconsin,34353,1
19,31,5,2020,Travel,76083527,57,214.54,North Dakota,33662,1
21,31,4,2017,Retail,17815651,51,818.04,Arkansas,87684,0
22,27,5,2018,Retail,893,22,689.11,Pennsylvania,89456,0
21,20,12,2018,Travel,90643638,21,475.75,Michigan,33603,0
20,7,12,2023,Retail,12894,27,654.31,California,20479,1
9,15,8,2022,Retail,4918,48,111.62,Wisconsin,20309,1
10,28,4,2017,Retail,74,39,367.32,Hawaii,59660,1
13,30,8,2015,Retail,52511238,65,369.86,Nevada,31979,1
15,3,3,2016,Travel,601770,23,496.0,New York,08715,0
12,2,11,2023,Travel,29287014,55,762.61,Connecticut,26213,0
11,14,10,2015,Travel,42593,43,739.89,Wyoming,25911,1
20,26,5,2022,Entertainment,7648475,54,216.59,Wyoming,12919,1
3,11,12,2023,Retail,8176533,38,428.85,Indiana,09908,1
3,20,1,2016,Travel,856360,38,750.56,Missouri,44514,0
23,2,10,2021,Retail,69912552,32,688.07,North Dakota,87541,1
3,15,7,2021,Entertainment,2166,69,744.44,Ohio,48596,0
1,2,8,2017,Entertainment,40846,43,274.8,Indiana,71436,0
2,2,4,2023,Retail,9207,36,642.34,California,54507,1
19,20,7,2020,Retail,2659268,70,763.94,Ohio,94352,1
13,15,2,2020,Retail,76067501,30,13.4,Oklahoma,82068,1
10,10,11,2020,Travel,95143243,62,249.56,Nevada,51628,1
4,29,8,2020,Entertainment,644,58,368.8,Alabama,13670,0
4,20,8,2021,Retail,68122143,25,141.55,Oregon,26175,1
5,22,10,2022,Food,3939455,57,362.8,Michigan,70189,0
9,21,3,2023,Retail,4628757,46,334.62,New Hampshire,34938,1
12,16,2,2022,Travel,37970,56,871.27,Rhode Island,86297,0
12,18,1,2016,Travel,27371,34,608.37,Montana,98394,0
4,15,10,2021,Food,22,58,770.69,Virginia,56032,0
6,21,12,2021,Food,635,51,31.85,Alabama,01693,1
7,21,9,2022,Food,47732,46,79.69,Texas,76240,1
21,23,7,2020,Retail,9330,41,199.35,Hawaii,37154,1
21,28,4,2016,Travel,326388,29,543.82,Iowa,35132,0
4,31,2,2016,Entertainment,55949854,70,41.58,Idaho,57200,1
6,30,2,2018,Food,23609,68,697.42,Utah,62979,0
1,5,4,2018,Retail,294636498,39,763.78,West Virginia,75402,1
17,26,3,2015,Retail,785600144,60,502.36,Georgia,35410,0
10,5,12,2023,Travel,8369,69,588.62,Georgia,33855,1
13,22,9,2015,Retail,21622024,19,94.36,Delaware,49183,1
17,16,2,2015,Entertainment,9403,65,329.96,Connecticut,76264,1
12,9,11,2019,Entertainment,4794067,70,177.65,Ohio,46407,0
4,29,9,2018,Retail,846018,26,765.11,Michigan,73975,1
5,22,7,2021,Retail,404,34,547.95,Minnesota,17789,1
14,17,8,2022,Food,734239752,33,527.09,Maryland,58610,1
12,24,10,2021,Retail,872,36,633.47,Wisconsin,39616,0
17,4,2,2021,Travel,98553726,34,592.41,Mississippi,49851,1
15,13,8,2017,Food,42682860,61,958.43,South Carolina,74457,1
9,18,9,2015,Food,573161472,51,360.79,Tennessee,52588,1
23,28,4,2016,Food,15365501,54,514.31,Florida,52828,1
0,16,11,2023,Travel,986,32,310.34,West Virginia,20634,1
9,19,2,2020,Retail,5534756,31,17.01,Vermont,30561,0
22,6,12,2023,Retail,479500,19,559.31,Kansas,10716,0
19,21,8,2017,Food,391,68,367.34,New York,16423,1
21,29,2,2019,Travel,943876343,26,826.03,Illinois,05435,1
2,24,10,2021,Travel,382749394,56,524.73,Nevada,66895,0
1,4,4,2023,Food,4567235,40,812.26,Virginia,24483,1
16,31,9,2015,Entertainment,358,34,628.03,Missouri,44637,0
7,4,10,2020,Travel,45384795,62,893.52,New Jersey,34041,0
6,3,12,2018,Retail,67595085,41,883.98,Colorado,15295,0
21,24,1,2020,Travel,60857,29,215.68,Hawaii,94507,0
21,3,2,2020,Food,9472,57,411.98,Michigan,04073,1
0,31,5,2023,Food,239566521,61,290.28,Louisiana,31297,0
21,27,10,2018,Entertainment,95188,29,799.18,Wisconsin,15409,0
20,18,10,2022,Retail,717351732,48,20.76,Oregon,91021,0
4,12,7,2023,Entertainment,591,41,216.45,Idaho,37118,0
13,26,7,2019,Retail,4333662,65,925.35,Georgia,14213,1
15,16,9,2023,Travel,93074376,62,535.96,Mississippi,25476,1
7,24,6,2016,Food,80865446,36,725.46,Iowa,32292,0
11,26,5,2022,Retail,99,40,208.39,Mississippi,41256,0
21,15,6,2015,Travel,22087,19,707.36,Connecticut,58117,1
12,3,11,2023,Retail,66303,59,575.03,Colorado,64371,1
7,6,7,2018,Retail,6752,23,79.82,Oregon,91556,0
22,8,3,2018,Food,150446,35,23.77,Nebraska,36109,1
12,20,1,2017,Retail,35586,35,986.44,Idaho,99031,1
23,31,8,2019,Retail,6740,30,435.47,Kansas,95119,1
10,3,12,2021,Food,55876,18,847.42,Maryland,83381,0
12,8,3,2018,Retail,9746036,34,118.88,South Carolina,65521,0
7,29,12,2022,Retail,45406,28,706.55,Washington,17081,0
15,15,9,2022,Retail,450740369,58,621.44,Oregon,21574,0
23,21,12,2021,Travel,801682,39,431.1,Arkansas,32873,1
17,9,2,2022,Food,1831867,68,960.96,Rhode Island,94026,1
12,3,10,2017,Travel,477934518,25,223.63,Tennessee,40154,0
8,27,9,2020,Food,582044,53,982.09,Wisconsin,59252,0
11,23,10,2015,Entertainment,1448,52,725.95,West Virginia,32128,1
3,10,7,2016,Retail,5393,22,743.56,South Carolina,53216,0
9,31,11,2022,Entertainment,3043084,66,462.2,Wisconsin,58330,1
19,31,10,2021,Entertainment,45023,67,757.83,North Dakota,80394,0
16,9,6,2020,Retail,41,52,752.93,Oregon,99439,0
14,30,2,2021,Entertainment,273661375,50,886.8,Nevada,73260,0
22,8,5,2020,Entertainment,445,20,762.7,Nebraska,40805,0
11,22,1,2019,Travel,90914,36,318.14,Georgia,25973,0
12,27,1,2018,Entertainment,951121,67,551.96,Idaho,17853,0
15,9,11,2019,Retail,910695716,62,143.08,North Dakota,38412,1
8,13,12,2019,Food,2879449,44,978.27,New Hampshire,77149,1
4,21,11,2022,Food,580348777,69,581.52,Montana,25088,0
14,21,1,2016,Entertainment,3283019,60,553.01,Utah,90392,1
20,29,2,2016,Travel,66159,66,482.07,South Dakota,45952,0
14,25,9,2018,Travel,7496119,56,440.41,Virginia,96931,0
1,5,7,2023,Retail,864945,37,629.3,Rhode Island,77144,1
8,30,1,2020,Entertainment,647,34,871.29,Michigan,22446,0
0,14,5,2023,Retail,3849012,54,172.62,Alabama,43727,1
11,31,2,2018,Food,9598717,64,670.13,Arizona,71905,1
14,8,7,2019,Travel,52084495,51,986.79,Missouri,88811,1
7,4,3,2015,Food,6917760,61,876.92,Colorado,13088,0
15,28,9,2020,Retail,450,31,337.4,Washington,41441,0
5,29,7,2015,Entertainment,94762,52,96.58,Idaho,33748,0
0,13,11,2020,Food,89495772,55,106.5,Hawaii,98857,1
11,25,6,2015,Retail,875,25,160.61,South Dakota,85638,1
14,4,3,2021,Retail,8314,65,865.18,Illinois,04937,1
3,8,10,2023,Travel,4733514,28,781.34,Georgia,31584,0
14,16,1,2019,Retail,3463527,18,48.99,Maryland,16786,0
14,28,1,2018,Travel,14485,52,587.93,Indiana,32495,0
10,20,3,2017,Travel,3082,67,215.2,New Hampshire,16276,1
17,8,12,2022,Travel,73679986,26,706.21,Kansas,01229,0
9,18,12,2017,Entertainment,62680,39,157.2,South Carolina,64614,1
2,3,10,2023,Retail,5975263,25,852.33,Florida,01991,0
18,19,4,2023,Retail,53789,21,624.0,Alabama,47256,1
6,9,5,2018,Travel,7370,26,457.93,Iowa,96926,0
11,20,9,2017,Travel,807,49,296.18,New Jersey,73043,1
15,2,6,2019,Entertainment,8570,57,34.29,Alaska,03278,0
15,16,1,2016,Travel,83,26,620.98,Rhode Island,24596,0
23,15,4,2019,Entertainment,767900875,41,69.11,Indiana,38775,1
12,14,10,2020,Entertainment,885,57,98.97,Alaska,28332,1
1,5,9,2016,Entertainment,91,54,140.36,Massachusetts,72552,0
23,27,8,2015,Entertainment,180206,42,683.11,Pennsylvania,29932,1
15,15,4,2015,Travel,68,34,415.23,Arizona,80974,1
20,13,11,2023,Food,69554,30,894.45,Montana,34064,0
0,11,10,2022,Retail,58910,35,442.49,Oklahoma,29192,0
17,28,8,2018,Retail,126021,41,763.54,Idaho,95401,0
9,4,11,2017,Travel,509031288,55,640.23,Missouri,37999,1
20,9,1,2022,Retail,9744,55,25.02,Pennsylvania,80517,0
22,28,5,2015,Travel,587,68,199.45,Arkansas,41618,1
8,20,5,2020,Entertainment,11595,41,870.84,New York,17460,0
11,9,6,2022,Entertainment,844967972,61,705.64,Louisiana,14568,0
19,20,2,2019,Retail,9071,64,785.12,Alaska,29244,0
20,13,4,2020,Food,918833,56,310.95,Virginia,21089,0
22,20,12,2022,Food,98191,63,114.78,West Virginia,91699,0
13,15,10,2022,Retail,5789240,65,871.0,Hawaii,55431,0
12,30,3,2018,Travel,48296,55,720.96,Colorado,80531,1
7,3,8,2019,Entertainment,170292841,46,165.76,Illinois,28525,0
23,5,10,2023,Food,73457708,52,72.42,North Carolina,37183,0
1,17,9,2019,Food,17732,41,428.06,Alabama,64236,1
7,5,9,2018,Travel,1261541,22,372.27,Wyoming,21964,0
21,22,3,2016,Retail,6765889,42,205.89,Florida,36047,1
12,20,2,2023,Food,702206036,20,551.44,North Dakota,80365,1
12,14,4,2015,Retail,4170,50,366.17,Connecticut,36887,0
8,3,7,2020,Travel,586684,32,848.88,Connecticut,67393,1
20,10,2,2023,Entertainment,319013051,57,412.26,Colorado,12994,0
18,24,3,2018,Entertainment,241939522,44,559.65,California,47559,0
1,18,3,2015,Entertainment,689,66,678.67,Minnesota,57621,1
5,9,12,2019,Entertainment,63739,43,389.0,Oklahoma,22218,1
10,29,5,2020,Travel,97098200,48,395.76,California,46917,1
13,2,5,2015,Entertainment,50536,59,974.37,New Hampshire,76097,0
2,21,1,2017,Entertainment,462,53,76.46,Missouri,25721,1
21,30,4,2020,Travel,57927998,59,419.87,New Mexico,13863,1
19,30,8,2016,Entertainment,468,18,486.02,South Dakota,49522,0
3,21,5,2018,Entertainment,5327,19,176.04,Idaho,39167,0
18,12,10,2018,Travel,9269,23,130.24,Hawaii,83217,0
4,16,5,2018,Food,246004981,46,662.48,Georgia,60464,1
21,11,10,2023,Food,9100704,41,88.93,Iowa,19284,1
13,30,6,2020,Food,80,44,989.69,Wisconsin,94968,0
9,23,7,2022,Retail,21948,40,631.93,Michigan,79646,1
5,18,12,2018,Entertainment,71898675,28,575.75,Georgia,64169,0
21,3,7,2019,Entertainment,98186830,51,452.33,North Carolina,94569,1
13,28,12,2017,Travel,16345507,63,695.6,Kentucky,19843,1
18,21,10,2019,Food,767,52,889.13,Kansas,18655,1
15,10,7,2023,Travel,7158,41,901.69,Wisconsin,40845,1
4,19,3,2018,Retail,14313082,40,973.02,Iowa,70588,1
3,13,12,2017,Retail,960,45,585.84,Louisiana,68001,1
10,31,2,2023,Travel,8809586,40,990.87,New Hampshire,69263,1
13,13,2,2016,Entertainment,14602,65,501.32,Iowa,57455,1
4,6,8,2019,Entertainment,41931,51,272.61,Wyoming,06013,0
23,25,11,2015,Food,8731513,22,30.85,Nevada,71236,1
15,24,6,2015,Food,982,30,617.99,Louisiana,67826,0
10,28,9,2016,Retail,79537,61,650.21,Vermont,03431,1
10,10,5,2023,Food,773255,36,431.86,Kentucky,94701,0
22,24,6,2020,Entertainment,88,60,351.1,Montana,53633,0
4,11,2,2016,Food,631262369,28,312.39,Alabama,55318,0
19,12,5,2023,Travel,13240,23,300.5,Hawaii,26262,0
9,12,4,2023,Food,75054,61,975.52,Colorado,02793,1
16,26,2,2023,Travel,219607307,34,979.2,Alaska,87264,1
20,17,7,2023,Travel,27142495,30,356.02,Tennessee,96154,0
16,30,3,2023,Retail,12783252,69,462.17,Alabama,65837,1
19,4,2,2019,Entertainment,7847133,70,670.88,Wisconsin,93967,0
22,1,6,2020,Retail,820679,63,601.78,North Carolina,61826,1
16,25,5,2016,Travel,13736256,33,564.88,Missouri,43820,1
14,18,9,2018,Travel,2659458,64,945.08,Wyoming,26969,0
9,28,3,2022,Retail,957575,69,485.32,Kentucky,96758,0
9,19,7,2020,Retail,3090,33,896.08,North Carolina,84136,1
18,9,7,2019,Entertainment,415,25,577.91,Alabama,89037,1
1,17,2,2015,Travel,809761761,63,494.9,South Dakota,61813,1
12,7,2,2023,Travel,9258007,30,870.44,Wyoming,16349,0
17,21,1,2021,Food,599421346,55,815.58,Washington,30519,0
12,28,3,2022,Retail,221029,51,619.24,Utah,86459,1
22,8,12,2015,Travel,566407455,48,286.91,Alaska,91880,0
4,3,10,2016,Retail,97607861,37,629.81,New Hampshire,29560,1
19,7,4,2016,Food,54327,32,37.99,Florida,72987,1
19,20,2,2015,Entertainment,11667,31,696.25,Connecticut,65805,0
13,17,5,2016,Food,9876848,69,540.26,Arkansas,32330,1
23,19,7,2021,Retail,9702161,56,37.72,California,54608,0
4,28,5,2015,Food,112285,64,300.2,Alaska,47228,1
23,1,8,2023,Retail,74724577,51,278.04,Tennessee,89233,0
18,13,1,2022,Food,608141776,64,507.12,New Jersey,75763,0
7,4,3,2021,Entertainment,822511,25,394.15,Ohio,13690,0
5,12,9,2015,Food,80063005,63,958.13,Hawaii,69497,1
8,8,4,2023,Food,6935252,42,665.67,Pennsylvania,04060,1
4,18,1,2023,Retail,9121,52,212.57,Illinois,07440,1
16,7,10,2017,Retail,2959,60,809.74,Kentucky,64300,0
21,8,8,2022,Entertainment,40266770,58,721.85,Oklahoma,53556,0
9,6,5,2016,Food,6520,41,545.82,Nebraska,11214,0
9,18,12,2020,Food,58394,27,314.98,Connecticut,61563,0
3,11,11,2022,Food,233,29,796.45,Massachusetts,86651,0
15,8,9,2015,Food,394,36,775.66,Washington,62385,1
14,15,1,2022,Food,216704,27,765.04,Oklahoma,63420,1
14,17,9,2017,Retail,853955,41,123.77,West Virginia,81765,1
12,26,3,2022,Food,872480201,62,380.5,West Virginia,86794,0
11,27,9,2020,Retail,2039386,56,413.35,Arizona,57548,0
6,20,1,2017,Travel,19580,48,180.74,Rhode Island,69026,1
17,9,9,2016,Food,17,54,640.35,Louisiana,57566,1
23,9,1,2018,Food,52679594,63,458.77,Washington,95644,0
21,2,6,2020,Retail,32741439,51,551.38,Georgia,84010,0
3,6,7,2015,Retail,500857,32,104.76,Oklahoma,07864,0
18,3,5,2019,Travel,9154,69,895.98,Alaska,96128,1
8,6,10,2020,Food,722,58,181.76,Wyoming,34660,1
2,1,5,2020,Travel,2393,44,501.74,Arizona,01281,1
10,3,11,2022,Retail,623,33,524.6,Washington,36208,0
3,3,5,2021,Travel,7821239,41,312.47,New Hampshire,64892,1
0,21,6,2015,Retail,75971,40,519.14,California,00702,0
3,20,8,2018,Retail,8777344,50,853.14,Arkansas,00712,0
11,5,4,2023,Retail,269242260,47,521.9,Minnesota,60785,1
13,11,1,2016,Travel,16,22,596.07,Virginia,43919,1
18,19,10,2020,Food,7100168,19,316.99,Florida,25772,0
21,4,5,2022,Retail,7282252,70,71.7,Alabama,00640,0
9,8,12,2023,Travel,24,19,771.07,Nevada,54103,0
13,27,7,2015,Food,469575,23,619.34,Missouri,93463,1
10,18,3,2021,Entertainment,69,68,164.97,Alabama,27263,0
3,19,3,2019,Retail,9467,24,748.95,New Mexico,19617,0
4,10,6,2020,Entertainment,4829294,68,197.2,New Mexico,21422,0
0,23,9,2018,Retail,858,20,158.01,Kansas,20139,1
15,23,5,2022,Travel,385,19,454.73,Colorado,87908,1
8,3,7,2019,Travel,713743811,22,958.71,North Dakota,87303,0
9,22,10,2018,Entertainment,4566711,62,753.19,Connecticut,08542,0
17,12,12,2022,Travel,7028,61,601.97,Kansas,98832,1
7,30,3,2016,Food,137,22,301.62,Wisconsin,85139,1
14,3,2,2015,Entertainment,2189,33,993.93,Washington,04299,0
19,17,3,2017,Retail,1286273,59,707.91,Maryland,97515,1
7,24,7,2018,Food,6543896,30,944.71,Texas,21864,0
10,11,12,2016,Retail,66951,27,268.69,Louisiana,65269,1
11,12,2,2016,Retail,8604,49,74.5,New Hampshire,32355,0
17,25,12,2020,Travel,2949,65,384.47,Idaho,60709,0
2,3,11,2022,Travel,3724916,53,56.44,Alaska,62328,0
0,13,10,2015,Travel,955382,47,906.68,Colorado,94516,0
2,18,1,2020,Travel,730,56,958.08,Rhode Island,31715,1
10,17,4,2018,Travel,222596251,48,107.24,California,45358,1
21,2,2,2015,Entertainment,124,18,673.69,Kentucky,77409,0
15,21,5,2018,Retail,457,27,344.97,Alaska,39605,1
0,3,10,2022,Retail,330,48,881.63,Idaho,28221,0
0,25,8,2022,Retail,6129852,28,424.7,Indiana,58950,1
12,5,8,2021,Retail,2888,49,722.32,Iowa,90989,0
2,17,10,2022,Entertainment,1786,22,337.34,Texas,91374,1
4,29,7,2022,Retail,306892729,63,930.08,Nebraska,98194,1
7,18,6,2021,Entertainment,8070372,51,830.08,Indiana,54695,0
15,12,1,2017,Retail,6677,20,96.86,Idaho,40812,0
13,7,1,2021,Travel,2567998,63,222.66,Oklahoma,96337,0
21,10,8,2019,Travel,18820747,62,534.38,Maine,04817,1
17,8,10,2017,Entertainment,74526442,63,736.05,Texas,86896,0
7,22,3,2020,Retail,172728072,65,451.48,New Hampshire,59632,0
0,31,6,2020,Retail,41985,57,696.34,Virginia,98939,1
13,27,2,2015,Retail,207974227,69,306.63,North Carolina,94118,0
12,2,11,2022,Food,7848990,55,865.32,Illinois,79865,1
12,18,1,2020,Retail,73,25,689.5,Colorado,50423,1
0,16,7,2020,Travel,37270967,68,358.08,Texas,33484,0
6,8,8,2018,Food,841011053,46,965.96,Kansas,63820,1
7,4,1,2017,Retail,81900408,65,282.16,Utah,47262,0
13,3,9,2018,Travel,36381,19,784.43,North Dakota,85090,0
5,11,9,2017,Food,23156,60,423.03,Hawaii,12684,1
14,18,11,2022,Retail,36325439,64,638.49,Pennsylvania,26128,0
23,5,2,2018,Retail,50550675,32,32.17,Missouri,60382,1
12,18,7,2023,Food,475327317,47,128.97,Virginia,57099,0
17,26,7,2022,Retail,270007,29,997.25,Hawaii,69236,0
22,2,12,2018,Travel,8480348,24,751.71,West Virginia,58649,0
17,9,3,2019,Retail,3721,18,216.35,Indiana,24675,0
4,15,4,2018,Retail,795,70,925.24,Nevada,06698,1
5,25,3,2018,Food,7175,21,221.72,South Carolina,33043,0
23,30,12,2019,Travel,956532142,49,682.03,West Virginia,23082,0
19,11,2,2018,Entertainment,291122,22,733.72,Minnesota,28339,1
16,3,11,2023,Food,864798,54,690.54,Montana,85790,1
15,12,1,2016,Food,951,42,113.8,Nebraska,45629,0
12,16,5,2020,Travel,312378457,25,363.86,Mississippi,74937,0
3,30,2,2019,Travel,396789,44,136.5,New York,98342,0
1,7,10,2015,Travel,592939293,27,581.62,Connecticut,38707,0
19,21,8,2022,Food,551700,51,402.95,Maine,49341,1
7,14,3,2015,Travel,7902,22,478.06,Minnesota,60200,1
14,3,5,2017,Travel,61,21,603.03,Mississippi,57177,0
2,15,2,2019,Entertainment,8620,23,374.51,Rhode Island,25258,1
9,2,2,2021,Retail,645,49,844.46,Missouri,19009,0
13,25,8,2019,Entertainment,98090,67,324.32,New York,13693,0
19,7,2,2018,Travel,453481156,19,406.54,Indiana,08707,1
9,28,3,2015,Food,54412,23,292.29,Iowa,98835,1
12,6,11,2015,Food,38393,63,397.87,Pennsylvania,96526,0
11,7,9,2023,Entertainment,882915,66,295.12,South Carolina,77663,1
2,18,7,2016,Travel,24729,19,111.51,Washington,87782,1
5,18,8,2020,Travel,6650,20,804.79,Arizona,35213,0
9,31,6,2018,Retail,7674,64,734.59,New Jersey,22289,0
17,7,8,2022,Food,470832,69,536.11,Wyoming,28668,1
6,13,10,2015,Entertainment,81,55,310.88,North Dakota,63312,1
23,16,8,2023,Retail,9211,20,107.93,Idaho,50573,0
13,3,12,2022,Travel,7286417,57,778.58,Idaho,54246,0
16,28,7,2023,Entertainment,9370,57,671.95,Louisiana,40300,1
5,1,8,2022,Entertainment,98553,35,683.39,Oklahoma,83612,1
10,18,10,2017,Retail,721,33,948.83,Arkansas,11004,0
21,22,9,2022,Entertainment,7994263,63,823.21,Massachusetts,51351,0
7,23,9,2015,Entertainment,81972,39,467.58,Indiana,61201,0
18,12,9,2017,Entertainment,950,64,239.14,Massachusetts,61492,0
5,1,8,2015,Retail,7167478,68,456.89,Utah,68455,1
23,11,7,2021,Entertainment,946,46,834.74,South Dakota,81863,0
23,8,10,2016,Food,86236455,62,22.7,Nevada,30187,1
12,6,4,2016,Entertainment,51847408,49,317.8,Maryland,14246,0
15,31,5,2016,Entertainment,322895,48,72.43,Vermont,48783,1
1,26,5,2016,Food,136541078,55,684.27,Montana,56058,0
7,23,9,2020,Entertainment,41172,59,558.05,Arkansas,30972,0
18,30,1,2017,Retail,429101840,20,893.26,Tennessee,82785,1
8,14,2,2019,Retail,678,26,322.1,Connecticut,56522,0
2,4,9,2015,Food,398563355,22,297.44,Florida,00911,0
5,29,1,2021,Entertainment,551152521,48,936.21,Nebraska,60699,1
6,31,1,2019,Travel,698,23,986.07,North Carolina,65817,1
3,23,8,2015,Travel,21564,43,135.99,Tennessee,35807,1
16,31,3,2021,Entertainment,274,37,541.29,South Dakota,08895,1
3,22,2,2020,Travel,579607,27,624.44,Wisconsin,55017,0
10,18,1,2021,Travel,4838881,55,804.36,Minnesota,77941,1
5,25,1,2017,Food,88706432,53,217.51,Pennsylvania,69233,1
3,2,4,2018,Food,34,52,706.56,Oklahoma,65015,1
17,10,10,2016,Retail,66,34,137.68,Virginia,25839,1
16,20,3,2019,Entertainment,120,36,304.26,Delaware,85629,1
20,4,7,2016,Retail,587702483,42,530.01,Alaska,30118,0
0,27,3,2015,Food,15826,67,795.49,Maine,03580,1
17,9,9,2020,Entertainment,119169,18,346.45,South Carolina,76013,1
19,4,5,2015,Food,73627428,44,105.54,Maine,74990,0
22,15,6,2015,Travel,83631114,30,95.92,Texas,00806,1
0,1,9,2016,Travel,873861738,44,845.89,Delaware,73956,1
3,14,7,2023,Retail,214,32,819.73,Iowa,77624,1
23,28,10,2015,Food,152419,58,610.24,Hawaii,61071,1
13,5,8,2018,Travel,43760023,69,25.85,North Carolina,28698,1
22,16,3,2022,Retail,72,50,134.49,Alabama,58824,1
18,1,7,2016,Retail,254691634,22,676.28,Pennsylvania,24339,0
8,24,6,2022,Entertainment,21951103,25,639.49,Oklahoma,35808,1
19,13,4,2017,Travel,741101795,69,902.48,Kentucky,90950,0
16,7,2,2021,Retail,29515149,64,996.26,Alabama,39220,0
12,29,1,2023,Retail,7781260,37,537.87,Connecticut,90204,0
9,7,10,2022,Travel,83308,27,878.27,Montana,16631,1
20,20,11,2023,Travel,95383896,41,32.16,Missouri,32840,1
7,7,3,2022,Retail,892,36,261.38,Delaware,23826,0
14,9,3,2015,Retail,794711248,67,761.53,Wyoming,36214,0
12,30,12,2015,Food,8593576,54,12.92,Indiana,86975,0
11,6,12,2020,Entertainment,1921052,63,553.77,Texas,66037,1
20,26,10,2018,Food,987743445,35,611.14,Connecticut,16555,1
19,31,12,2016,Retail,584539,53,254.43,Oklahoma,22722,1
18,17,6,2023,Travel,19245,66,49.91,Virginia,83121,0
5,27,4,2023,Food,15341590,32,679.45,Hawaii,06201,0
23,6,4,2017,Retail,199,24,24.12,South Dakota,19886,1
23,27,11,2023,Travel,8455,46,822.2,Maryland,01240,1
5,9,7,2020,Retail,88083727,58,520.15,Idaho,93639,1
19,4,3,2017,Entertainment,56822,47,378.43,Delaware,12650,0
7,12,8,2018,Travel,788392,50,317.57,Arkansas,11462,1
8,27,10,2015,Travel,267569,36,986.25,Ohio,95831,1
14,28,10,2019,Travel,355327,41,105.13,New Hampshire,05599,1
8,17,7,2018,Entertainment,6540664,50,844.09,Utah,21611,1
10,15,3,2017,Travel,2462815,51,968.27,Michigan,41952,0
2,9,6,2018,Travel,45569,29,449.52,Arizona,50548,0
21,29,12,2021,Food,9063,47,655.93,Hawaii,84790,0
18,30,1,2020,Entertainment,970,18,848.35,California,09121,0
12,2,2,2015,Food,71645768,49,463.99,Arizona,58835,0
5,2,10,2018,Retail,378895,28,935.96,California,01501,0
14,4,4,2016,Retail,486,58,170.21,Texas,51651,1
19,12,6,2019,Travel,61943654,32,631.19,Washington,87880,0
7,31,1,2021,Travel,1807908,23,56.59,Louisiana,88513,0
2,30,2,2023,Travel,97514,34,305.34,Mississippi,67693,1
8,25,12,2016,Food,662515,56,484.22,Iowa,33835,0
0,6,12,2023,Retail,165104,29,432.11,Arizona,34737,0
23,10,4,2018,Entertainment,30388,39,401.51,Mississippi,92156,1
18,16,8,2017,Entertainment,4219119,67,460.95,Colorado,36314,0
21,4,11,2018,Food,8680505,54,253.2,Alaska,98689,1
6,2,6,2022,Entertainment,443306715,45,22.74,Rhode Island,59239,0
17,30,7,2019,Retail,8342,25,638.43,Kentucky,10572,0
14,24,9,2019,Travel,998340459,51,835.44,Montana,88925,1
20,30,8,2023,Entertainment,93591081,69,912.68,Nebraska,64709,0
23,2,10,2016,Travel,78,68,44.92,Maryland,12931,0
13,15,5,2015,Entertainment,23190,44,744.25,Indiana,86959,0
1,12,10,2019,Travel,33643497,22,243.18,Oregon,96531,0
15,19,1,2023,Retail,4567,48,515.28,Virginia,29016,0
22,10,3,2023,Travel,59897332,26,799.79,Rhode Island,73690,1
18,28,10,2021,Retail,450300128,64,735.8,New York,88636,0
10,28,3,2020,Retail,686,69,983.26,Michigan,20552,1
21,10,2,2015,Travel,3998,54,855.86,Iowa,96115,0
0,22,7,2017,Entertainment,828758,51,603.83,Wisconsin,15136,0
22,11,4,2019,Food,221539,40,840.37,Louisiana,48760,1
22,31,5,2022,Food,5055,61,788.7,Nevada,37433,0
16,15,3,2020,Travel,382,51,67.85,Massachusetts,24392,0
13,5,11,2016,Travel,887786,33,661.43,Oregon,63207,0
8,27,1,2021,Food,9720,70,404.91,Oregon,29578,1
16,21,11,2021,Retail,989970,38,413.09,Pennsylvania,17875,1
20,22,8,2018,Retail,2275,32,191.91,Montana,81574,0
19,23,9,2016,Travel,2434566,42,311.47,Texas,13740,1
19,1,10,2022,Food,64561,47,118.43,Montana,07702,0
12,30,3,2015,Food,14615,44,948.0,South Dakota,41300,0
9,19,1,2020,Travel,877458448,49,180.17,New York,19355,0
2,17,10,2015,Food,27321,60,901.42,Nevada,45422,0
4,9,2,2016,Entertainment,174417508,59,211.56,Washington,92763,1
12,24,9,2021,Retail,3861279,46,694.79,Indiana,97768,1
5,15,3,2020,Entertainment,4984992,46,774.78,North Dakota,05831,0
2,23,6,2016,Travel,924,20,969.73,Washington,96534,0
10,17,9,2017,Retail,6829,44,594.9,Arkansas,24903,1
8,6,12,2016,Entertainment,5559,28,103.24,Indiana,82743,0
13,19,1,2020,Retail,24989,60,297.88,Connecticut,32383,1
10,9,1,2017,Retail,5006,60,94.47,Maryland,12889,1
14,3,1,2018,Travel,143542,66,523.19,North Carolina,85480,1
1,24,10,2021,Entertainment,764,19,751.59,Tennessee,53200,1
2,6,10,2019,Travel,434,39,423.15,South Carolina,88586,1
4,30,1,2019,Food,57,18,125.18,Montana,59921,0
9,5,11,2019,Entertainment,37770,51,355.14,Illinois,05477,1
19,28,5,2022,Entertainment,30524337,26,662.05,New York,09353,0
0,16,5,2019,Food,232567,35,564.15,South Carolina,33753,1
6,11,2,2017,Entertainment,84317673,24,542.04,Idaho,60433,1
6,3,10,2017,Retail,93189,48,471.75,Nevada,86105,0
22,22,10,2018,Entertainment,9843063,48,612.12,Louisiana,45493,0
0,24,9,2015,Retail,734310797,32,274.63,Illinois,58044,1
3,28,2,2023,Food,876,45,218.13,Kansas,85068,0
20,26,11,2022,Travel,215,29,422.07,Hawaii,80244,1
0,5,8,2021,Entertainment,1601142,62,574.36,Connecticut,06923,1
16,29,5,2018,Food,972942373,31,538.59,Tennessee,12475,1
13,26,6,2021,Travel,2602330,45,836.54,Missouri,69719,1
18,4,1,2015,Food,53102363,52,384.33,Mississippi,55910,0
7,29,11,2020,Retail,131342389,59,659.91,North Dakota,30251,0
18,5,12,2020,Entertainment,415154,23,422.56,Kentucky,17198,1
23,31,3,2021,Food,90043,43,330.65,Maryland,90335,0
19,6,8,2017,Travel,44739758,24,616.26,Maryland,85808,1
5,10,11,2019,Retail,752,55,252.48,Maine,03907,1
2,8,1,2015,Food,9400,21,800.42,Arizona,41213,0
8,3,7,2017,Entertainment,5800,39,512.85,Utah,36985,1
3,8,1,2015,Food,271988683,61,415.04,North Dakota,53527,1
3,7,11,2019,Food,28890,25,159.26,Florida,49381,1
16,24,3,2021,Retail,7515922,36,967.54,Montana,76987,1
0,14,1,2015,Travel,58483,34,118.91,New York,95765,0
6,11,10,2021,Travel,635223,67,99.71,West Virginia,40762,1
14,22,9,2023,Travel,89589,53,549.61,Oklahoma,32899,0
0,29,3,2020,Entertainment,61120,67,125.49,Arkansas,67124,0
21,13,10,2021,Food,844949,48,353.22,North Carolina,77589,0
8,4,10,2020,Food,66401903,33,455.55,Tennessee,40232,1
19,24,1,2020,Entertainment,159696,21,313.88,Virginia,94691,0
2,6,12,2023,Entertainment,8756,40,83.87,Wisconsin,83303,0
21,26,3,2022,Food,482159,51,41.58,Wisconsin,46156,1
9,11,10,2021,Travel,54868,21,31.11,Arkansas,01420,1
4,4,9,2017,Retail,2303303,34,263.74,Alabama,57310,0
22,20,9,2017,Entertainment,610401,43,224.16,Utah,87485,0
9,20,4,2022,Entertainment,1206062,19,529.22,Idaho,82207,0
18,22,10,2022,Food,362575967,55,414.2,New Mexico,17787,0
19,31,2,2023,Food,6550499,37,989.44,Wyoming,14250,0
14,5,9,2020,Travel,66325011,35,228.69,Idaho,44433,0
13,14,2,2018,Travel,66837,19,199.84,Rhode Island,96158,1
11,11,5,2020,Entertainment,656445,24,138.51,Iowa,53433,1
15,17,11,2017,Food,11277555,46,634.29,Utah,94408,0
21,4,5,2015,Food,52,28,538.2,West Virginia,47171,0
18,19,10,2023,Food,932895147,44,151.69,North Carolina,17805,1
5,6,10,2021,Travel,2814,64,809.25,North Carolina,61006,0
9,6,6,2023,Travel,87431970,40,241.68,North Carolina,56339,0
12,30,1,2015,Retail,53,53,427.45,Maryland,37126,0
18,3,1,2017,Retail,18582,23,578.99,West Virginia,09855,1
23,21,10,2019,Travel,883072,49,331.24,West Virginia,76101,1
16,15,9,2021,Entertainment,365621,18,179.9,Nevada,97642,1
10,1,4,2022,Food,896165,50,464.49,Utah,82884,1
19,14,5,2016,Entertainment,2799938,39,646.3,West Virginia,17563,0
12,26,8,2022,Travel,9363456,38,120.73,Nevada,25750,0
14,8,5,2015,Entertainment,939138176,30,376.13,Minnesota,98740,1
20,29,4,2018,Entertainment,435389,60,206.29,Oregon,79403,1
17,18,2,2022,Retail,2518,40,712.21,Alabama,18991,1
13,30,9,2017,Food,754110,28,746.33,New Hampshire,60406,1
14,27,8,2019,Retail,74625,21,792.47,Iowa,80854,0
7,13,5,2021,Food,12551469,46,259.48,Missouri,76605,1
0,21,4,2018,Retail,110320350,46,215.87,Wisconsin,70343,1
0,3,2,2018,Retail,3524,57,738.6,Delaware,02250,0
8,18,9,2019,Food,77687760,56,888.88,Vermont,15336,0
8,4,9,2020,Entertainment,666363,21,296.3,New Jersey,32085,1
23,24,5,2018,Food,911169,66,308.55,Mississippi,30065,1
8,11,2,2019,Travel,9070,60,535.2,North Carolina,55677,1
2,10,12,2023,Entertainment,244942,55,517.66,Vermont,37569,1
11,23,6,2018,Food,42139,66,283.46,Michigan,63443,0
22,16,3,2023,Travel,799847156,41,448.16,Oregon,39822,0
12,9,10,2021,Entertainment,828918570,59,309.03,Indiana,10230,0
2,13,8,2020,Travel,13,46,295.77,Utah,91010,0
4,10,11,2017,Food,21423,29,126.92,Florida,24293,0
11,30,8,2019,Entertainment,15623,34,185.3,Texas,71199,1
14,13,11,2023,Food,667,58,684.6,Wyoming,15406,1
0,14,10,2016,Retail,145156180,21,627.52,Arizona,92113,1
16,15,1,2021,Entertainment,633920007,27,565.88,Minnesota,26386,0
5,5,8,2020,Food,23129,52,651.14,Connecticut,28566,0
6,7,8,2023,Food,647167,65,48.61,New Hampshire,44766,1
23,7,3,2016,Entertainment,2299,59,369.47,New Jersey,96198,0
20,17,3,2019,Retail,95344463,28,697.17,North Carolina,27073,1
11,1,3,2018,Food,732495,57,719.76,Montana,70999,0
11,4,3,2021,Travel,7206511,38,183.11,Michigan,22718,1
3,22,6,2018,Food,62366602,23,295.16,Vermont,54731,0
5,14,9,2015,Travel,3148,44,539.44,South Dakota,05436,0
1,1,1,2020,Entertainment,5984,56,191.97,Kentucky,43368,1
10,30,10,2021,Food,590654,49,488.14,Maine,50984,0
3,20,5,2020,Entertainment,598713,53,770.88,Delaware,39648,1
19,23,11,2021,Entertainment,786057,54,903.19,Alabama,83629,0
7,5,11,2021,Food,24696920,31,988.37,Massachusetts,32247,0
17,7,12,2022,Entertainment,73417140,64,482.73,Mississippi,61243,1
1,18,5,2019,Entertainment,2824508,65,880.16,Tennessee,83284,0
10,12,1,2022,Retail,705007452,55,366.13,Delaware,43402,1
6,21,7,2016,Food,5728,62,163.92,Montana,30095,0
17,24,4,2018,Travel,549588436,47,621.19,Vermont,62950,1
4,30,12,2020,Retail,297623211,48,947.13,New York,94080,0
22,27,11,2015,Entertainment,33782025,31,448.79,Colorado,13726,1
11,6,8,2020,Retail,261080394,67,482.13,New Mexico,77561,1
14,12,5,2018,Travel,355370,66,991.06,Nebraska,34566,0
5,23,11,2020,Food,4202724,53,779.04,Illinois,85523,0
12,14,10,2016,Entertainment,39916,50,986.9,Iowa,41592,0
10,16,1,2020,Food,9016678,35,735.95,Maine,49009,1
23,29,7,2022,Retail,25296,19,644.05,Arizona,50310,0
2,6,2,2022,Travel,56,18,86.47,Tennessee,05132,0
15,13,12,2017,Retail,70191447,31,371.32,Ohio,48779,1
1,12,11,2019,Retail,16459,37,492.92,Kansas,81234,0
7,26,10,2020,Food,84311,38,186.37,Ohio,69904,0
21,26,2,2022,Food,349,53,98.35,Arkansas,73326,1
